{"cameraMode":{"drawMode":0,"name":"Shaded","section":"Shading Mode"},"sceneLighting":true,"audioPlay":false,"sceneViewState":{"m_AlwaysRefresh":false,"showFog":true,"showSkybox":true,"showFlares":true,"showImageEffects":true,"showParticleSystems":true,"showVisualEffectGraphs":true,"m_FxEnabled":true},"in2DMode":false,"pivot":{"x":16.551063537597658,"y":-92.56519317626953,"z":159.59365844726563},"rotation":{"x":0.31036531925201418,"y":0.6888751983642578,"z":-0.4822986125946045,"w":0.4432997703552246},"size":187.56243896484376,"orthographic":false}