{"cameraMode":{"drawMode":0,"name":"Shaded","section":"Shading Mode"},"sceneLighting":false,"audioPlay":false,"sceneViewState":{"m_AlwaysRefresh":false,"showFog":true,"showSkybox":false,"showFlares":true,"showImageEffects":true,"showParticleSystems":true,"showVisualEffectGraphs":true,"m_FxEnabled":true},"in2DMode":false,"pivot":{"x":-0.48644447326660159,"y":0.4616914391517639,"z":0.5859686136245728},"rotation":{"x":0.02490413933992386,"y":0.7102245092391968,"z":-0.02514771744608879,"w":0.7031209468841553},"size":4.232547760009766,"orthographic":false}