{"cameraMode":{"drawMode":0,"name":"Shaded","section":"Shading Mode"},"sceneLighting":false,"audioPlay":false,"sceneViewState":{"m_AlwaysRefresh":false,"showFog":true,"showSkybox":false,"showFlares":true,"showImageEffects":true,"showParticleSystems":true,"showVisualEffectGraphs":true,"m_FxEnabled":true},"in2DMode":false,"pivot":{"x":-0.09524577856063843,"y":1.730025053024292,"z":-0.5986080169677734},"rotation":{"x":0.12947222590446473,"y":0.030604476109147073,"z":-0.0039968341588974,"w":0.9911039471626282},"size":4.898979663848877,"orthographic":false}